{
	"name":"Basic",
	"filter":"NONE",
	"depth":2.0000000000,
	"ambient":0.2000000029,
	"scene":{
		"cameras":[
		{
			"pos":{
				"x":0.0000000000,
				"y":400.0000000000,
				"z":-8000.0000000000},
			"color":"000000",
			"v":{
				"x":0.0000000000,
				"y":0.0000000000,
				"z":1.0000000000},
			"v2":{
				"x":0.0000000000,
				"y":1.0000000000,
				"z":0.0000000000}}],
		"lights":[
		{
			"color":"ffffff",
			"intensity":0.8999999761,
			"pos":{
				"x":-2500.0000000000,
				"y":200.0000000000,
				"z":-1000.0000000000}}],

		"objects":[
		{
			"type":"cone",
			"pos":{
				"x":-50.0000000000,
				"y":850.0000000000,
				"z":-200.0000000000},
			"norm":{
				"x":-0.3420201541,
				"y":0.9396926168,
				"z":0.0000000000},
			"radius":30.0000000000,
			"roughness":1.0000000000,
			"diffuse":0.0,
			"specular":1,
			"transparency":0.0000000000,
			"plasticity":0.0000000000,
			"reflect":0.0000000000,
			"refract":0.0000000000,
			"color":"c95902"
			},
		{
			"type":"cylindre",
			"pos":{
				"x":-650.0000000000,
				"y":-350.0000000000,
				"z":-2150.0000000000},
			"norm":{
				"x":0.5206222621,
				"y":0.2412162463,
				"z":0.8190037745},
			"radius":146.5000000000,
			"roughness":1.0000000000,
			"diffuse":0.6999999880,
			"specular":0.0000000000,
			"transparency":0.0000000000,
			"plasticity":0.0000000000,
			"reflect":0.0000000000,
			"refract":0.0000000000,
			"color":"ad68dd"
			},
		{
			"type":"sphere",
			"pos":{
				"x":-1800.0000000000,
				"y":50.0000000000,
				"z":950.0000000000},
			"radius":510.0000000000,
			"roughness":1.0000000000,
			"diffuse":0.6999999880,
			"specular":1.0000000000,
			"transparency":0.0000000000,
			"plasticity":0.0000000000,
			"reflect":0.0000000000,
			"refract":0.0000000000,
			"color":"d82f7f"
			},
		{
			"type":"plane",
			"pos":{
				"x":0.0000000000,
				"y":-500.0000000000,
				"z":-6000.0000000000},
			"norm":{
				"x":0.0000000000,
				"y":1.0000000000,
				"z":0.0000000000},
			"radius":150.0000000000,
			"roughness":1.0000000000,
			"diffuse":0.6999999880,
			"specular":0.0000000000,
			"transparency":0.0000000000,
			"plasticity":0.0000000000,
			"reflect":0.0000000000,
			"refract":0.0000000000,
			"color":"298e5b"
			}]}}