{  
	"name":"Basic",
	"ambient":0.5,
	"depth":4,
	"scene":{  
	   "cameras":[  
		{
			"color":"FFFFFF",
			 "pos":{  
				"x":50.0000000000,
				"y":0.0000000000,
				"z":-8000.0000000000
			 },
			 "v":{  
				"x":0.0000000000,
				"y":0.0000000000,
				"z":1.0000000000
			 },
			 "v2":{  
				"x":0.0000000000,
				"y":1.0000000000,
				"z":0.0000000000
			 }
		  }
	   ],
	   "lights":[  
		  {
			 "color":"ffffff",
			 "intensity":0.9,
			 "pos":{  
				"x":-250.0000000000,
				"y":200.0000000000,
				"z":-1000.0000000000
			 }
		  }
	   ],
	   "objects":[  
			{  
			 "type":"cylindre",
			 "pos":{  
				"x":0.0000000000,
				"y":0.0000000000,
				"z":0.0000000000
			 },
			 "norm":{  
				"x":1.0000000000,
				"y":0.0000000000,
				"z":0.0000000000
			 },
			 "roughness":12,
			 "specular":1.0,
			 "reflect": 1,
			 "motion":{
				"action":"translation",
				"axe":{
					"x":1,
					"y":0,
					"z":1
				},
				"min":{
					"x":-200,
					"y":-200,
					"z":-200
				},
				"max":{
					"x":600,
					"y":600,
					"z":600
				},
				"speed":100
			 },
			 "radius":100.0000000000,
			 "color":"3e9d04"
		  },
		  {  
			 "type":"sphere",
			 "pos":{  
				"x":0.0000000000,
				"y":0.0000000000,
				"z":0.0000000000
			 },
			 "radius":500,
			 "plasticity":1.0,
			 "specular":1.0,
			 "transparency":0.1,
			 "color":"0000ff",
			 "reflect": 1,
			 "motion":{
				"action":"translation",
				"axe":{
					"x":1,
					"y":0,
					"z":1
				},
				"min":{
					"x":200,
					"y":-100,
					"z":-200
				},
				"max":{
					"x":-800,
					"y":400,
					"z":800
				},
				"speed":100
			 }
		},
		{  
			 "type":"sphere",
			 "pos":{  
				"x":400.0000000000,
				"y":-200.0000000000,
				"z":-800.0000000000
			 },
			 "radius":50,
			 "plasticity":1.0,
			 "specular":1.0,
			 "transparency":0.1,
			 "color":"0000ff",
			 "refract": 0.5,
			 "motion":{
				"action":"color",
				"axe":{
					"x":1,
					"y":0,
					"z":1
				},
				"min":{
					"x":200,
					"y":-100,
					"z":-200
				},
				"max":{
					"x":-800,
					"y":400,
					"z":800
				},
				"speed":100
			 }
		  },
		{  
			 "type":"sphere",
			 "pos":{  
				"x":-400.0000000000,
				"y":200.0000000000,
				"z":-800.0000000000
			 },
			 "radius":50,
			 "plasticity":1.0,
			 "specular":1.0,
			 "transparency":0.1,
			 "color":"0000ff",
			 "refract": 0.5,
			 "motion":{
				"action":"color",
				"axe":{
					"x":1,
					"y":0,
					"z":1
				},
				"min":{
					"x":200,
					"y":-100,
					"z":-200
				},
				"max":{
					"x":-800,
					"y":400,
					"z":800
				},
				"speed":100
			 }
		  },
		{  
			 "type":"sphere",
			 "pos":{  
				"x":-800.0000000000,
				"y":-400.0000000000,
				"z":-700.0000000000
			 },
			 "radius":50,
			 "plasticity":1.0,
			 "specular":1.0,
			 "transparency":0.1,
			 "color":"0000ff",
			 "refract": 0.5,
			 "motion":{
				"action":"color",
				"axe":{
					"x":1,
					"y":0,
					"z":1
				},
				"min":{
					"x":200,
					"y":-100,
					"z":-200
				},
				"max":{
					"x":-800,
					"y":400,
					"z":800
				},
				"speed":100
			 }
		  },
		{  
			 "type":"cone",
			 "pos":{  
				"x":0.0000000000,
				"y":0.0000000000,
				"z":0.0000000000
			 },
			 "norm":{  
				"x":0.0000000000,
				"y":1.0000000000,
				"z":0.0000000000
			 },
			 "radius":30.0000000000,
			 "specular":1.0,
			 "plasticity":0.0,
			 "roughness":20,
			 "color":"3e9d04",
			 "reflect": 1,
			 "motion":{
				"action":"translation",
				"axe":{
					"x":1,
					"y":0,
					"z":1
				},
				"min":{
					"x":200,
					"y":-100,
					"z":-200
				},
				"max":{
					"x":-800,
					"y":400,
					"z":800
				},
				"speed":100
			 }
		  },
		  {
			 "type":"plane",
			 "pos":{
				"x":0.0000000000,
				"y":-950.0000000000,
				"z":0.0000000000
			 },
			 "norm":{
				"x":0.0000000000,
				"y":0.9998476951,
				"z":-0.0174524073
			 },
			 "radius":0.0000000000,
			 "color":"ff99ff"
		  },
		  {
			 "type":"plane",
			 "pos":{
				"x":0.0000000000,
				"y":1000.0000000000,
				"z":0.0000000000
			 },
			 "norm":{  
				"x":0.0000000000,
				"y":-0.9998476951,
				"z":-0.0174524073
			 },
			 "radius":0.0000000000,
			 "color":"ccff99",
			 "reflect": 1.0
		  },
		  {  
			 "type":"plane",
			 "pos":{  
				"x":-1000.0000000000,
				"y":0.0000000000,
				"z":0.0000000000
			 },
			 "norm":{  
				"x":0.9998476951,
				"y":0.0000000000,
				"z":0.0174524073
			 },
			 "radius":0.0000000000,
			 "color":"ffff99",
			 "texture":"CHESS"
		  },
		  {  
			 "type":"plane",
			 "pos":{  
				"x":1050.0000000000,
				"y":0.0000000000,
				"z":0.0000000000
			 },
			 "norm":{  
				"x":-0.9998476951,
				"y":0.0000000000,
				"z":0.0174524073
			 },
			 "radius":0.0000000000,
			 "color":"ffff99",
			 "texture":"CHESS"
		  },
		  {  
			 "type":"plane",
			 "pos":{  
				"x":0.0000000000,
				"y":0.0000000000,
				"z":-8000.0000000000
			 },
			 "norm":{  
				"x":0.0000000000,
				"y":0.0000000000,
				"z":-1.0000000000
			 },
			 "radius":0.0000000000,
			 "color":"ff8022",
			 "texture":"CHESS",
			 "reflect": 1.0
		  }
	   ]
	}
 }
