{  
    "name":"Basic",
    "filter":"CARTOON",
    "scene":{  
       "cameras":[  
        {
            "pos":{  
               "x":0.0000000000,
               "y":0.0000000000,
               "z":-8000.0000000000
            },
            "v":{  
               "x":0.0000000000,
               "y":0.0000000000,
               "z":1.0000000000
            },
            "v2":{  
               "x":0.0000000000,
               "y":1.0000000000,
               "z":0.0000000000
            }
         },
         {  
            "pos":{  
               "x":0.0000000000,
               "y":0.0000000000,
               "z":-8000.0000000000
            },
            "v":{  
               "x":0.0000000000,
               "y":0.0000000000,
               "z":1.0000000000
            },
            "v2":{  
               "x":0.0000000000,
               "y":1.0000000000,
               "z":0.0000000000
            }
         }
       ]
    }
 }