{"name":"Basic","filter":"NONE","ambient":0.2000000029,"scene":{"cameras":[{"pos":{"x":1200.0000000000,"y":-1500.0000000000,"z":-8000.0000000000},"color":"ffffff","v":{"x":0.0000000000,"y":0.0000000000,"z":1.0000000000},"v2":{"x":0.0000000000,"y":1.0000000000,"z":0.0000000000}}],"lights":[{"color":"ffffff","pos":{"x":-250.0000000000,"y":200.0000000000,"z":-1000.0000000000}}],"objects":[{"type":"sphere","pos":{"x":2100.0000000000,"y":-1650.0000000000,"z":1350.0000000000},"radius":1080.0000000000,"color":"cebda3"},{"type":"sphere","pos":{"x":300.0000000000,"y":-1650.0000000000,"z":1350.0000000000},"radius":1060.0000000000,"color":"cebda3"},{"type":"sphere","pos":{"x":2122.8747558593,"y":-1603.3564453125,"z":448.6872863769},"radius":270.0000000000,"color":"8f7057"},{"type":"sphere","pos":{"x":222.8748321533,"y":-1603.3564453125,"z":448.6872863769},"radius":270.0000000000,"color":"8f7057"}]}}