{
	"name":"C'est beau hein ?",
	"filter":"NONE",
	"depth":4.0000000000,
	"ambient":0.2000000029,
	"scene":{
		"cameras":[
		{
			"pos":{
				"x":150.0000000000,
				"y":319.0831909179,
				"z":-5409.6469726562},
			"color":"000000",
			"v":{
				"x":0.0000000000,
				"y":-0.1908089997,
				"z":0.9816271826},
			"v2":{
				"x":0.0000000000,
				"y":0.9816271826,
				"z":0.1908089997}}],
		"lights":[
		{
			"color":"ffffff",
			"intensity":0.8999999761,
			"pos":{
				"x":6450.0000000000,
				"y":2350.0000000000,
				"z":-6950.0000000000}}],

		"objects":[
		{
			"type":"plane",
			"pos":{
				"x":100.0000000000,
				"y":-450.0000000000,
				"z":-6000.0000000000},
			"norm":{
				"x":0.0000000000,
				"y":1.0000000000,
				"z":0.0000000000},
			"texture":"CHESS",
			"radius":150.0000000000,
			"roughness":1.0000000000,
			"diffuse":0.6999999880,
			"specular":0.0000000000,
			"transparency":0.0000000000,
			"plasticity":0.0000000000,
			"reflect":0.0000000000,
			"refract":0.0000000000,
			"color":"023539"
			},
		{
			"type":"sphere",
			"pos":{
				"x":0.0000000000,
				"y":-300.0000000000,
				"z":-2950.0000000000},
			"radius":150.0000000000,
			"roughness":1.0000000000,
			"diffuse":0.6999999880,
			"specular":0.0000000000,
			"transparency":0.000000,
			"plasticity":0.0000000000,
			"reflect":0.70000000000,
			"refract":0.0000000000,
			"color":"2e362a"
			},
		{
			"type":"sphere",
			"pos":{
				"x":-150.0000000000,
				"y":-300.0000000000,
				"z":-2450.0000000000},
			"radius":150.0000000000,
			"roughness":1.0000000000,
			"diffuse":0.6999999880,
			"specular":0.0000000000,
			"transparency":0.8000000000,
			"plasticity":0.0000000000,
			"reflect":0.000000000,
			"refract":14.000000000,
			"color":"bbbbbb"
			},
		{
			"type":"sphere",
			"pos":{
				"x":150.0000000000,
				"y":-300.0000000000,
				"z":-2300.0000000000},
			"radius":150.0000000000,
			"roughness":1.0000000000,
			"diffuse":0.6999999880,
			"specular":0.0000000000,
			"transparency":0.0000000000,
			"plasticity":0.0000000000,
			"reflect":0.0000000000,
			"refract":0.0000000000,
			"color":"ef5309"
			}]}}